"miRNA","Condicion","Cx1","Cx2","Cx3","T1","T2","T3"
"mmu-let-7a","Target",22.596,21.9596,22.4971,21.9757,22.1752,22.1109
"mmu-let-7a#","Target",27.4862,27.9015,28.0268,27.7229,27.6204,28.1681
"mmu-let-7b","Target",21.973,21.1772,20.9029,20.8373,21.6668,21.3227
"mmu-let-7b#","Target",35,35,35,28.8208,35,35
"mmu-let-7c","Target",20.4557,19.9664,20.0459,19.5642,20.4218,20.2647
"mmu-let-7c-1#","Target",35,35,35,34.1426,33.4703,34.9306
"mmu-let-7d","Target",22.4104,22.0093,22.5148,21.7034,22.1162,22.8711
"mmu-let-7d#","Target",35,26.0604,26.0314,35,35,35
"mmu-let-7e","Target",19.9416,19.4722,19.9746,19.267,19.5114,19.9136
"mmu-let-7e#","Target",29.6196,29.9688,30.8244,30.7672,32.9305,30.3707
"mmu-let-7f","Target",24.6699,23.9801,24.2725,23.6512,23.6529,24.4557
"mmu-let-7f-1#","Target",31.8981,30.1648,29.8027,30.9468,30.9631,30.2094
"mmu-let-7g","Target",22.2222,21.9675,21.9252,21.448,21.3931,22.272
"mmu-let-7g#","Target",29.8368,29.9691,30.1289,29.368,28.9682,29.8
"mmu-let-7i","Target",23.2973,23.0587,22.29,22.637,22.0434,23.7983
"mmu-let-7i#","Target",28.8568,29.9679,30.2411,29.8153,30.0305,30.4957
"mmu-miR-1","Target",30.7431,30.0054,31.4121,29.1423,28.8718,29.6797
"mmu-miR-1-2-AS","Target",35,35,35,35,35,35
"mmu-miR-100","Target",20.9617,19.9827,19.7325,19.8325,19.9751,20.5867
"mmu-miR-101","Target",27.9995,27.5317,27.5208,26.9748,27.4514,28.43
"mmu-miR-101a#","Target",35,35,35,35,35,35
"mmu-miR-101b","Target",35,35,35,35,35,35
"mmu-miR-103","Target",22.865,22.1124,22.9649,21.9288,22.1108,22.6871
"mmu-miR-105","Target",35,35,35,35,35,35
"mmu-miR-106a","Target",19.2537,18.9915,18.9602,18.7401,18.5221,19.1817
"mmu-miR-106b","Target",23.1298,22.4429,22.6175,21.9652,21.9846,23.2284
"mmu-miR-106b#","Target",23.1415,24.9627,24.3519,23.8008,23.9669,23.9969
"U6 snRNA","Control",13.114,13.4773,13.739,13.2596,13.1258,13.5539
"Y1","Control",31.8015,31.9662,32.5407,31.2327,32.3676,32.0413
